{"cameraMode":{"drawMode":0,"name":"Shaded","section":"Shading Mode"},"sceneLighting":false,"audioPlay":false,"sceneViewState":{"m_AlwaysRefresh":false,"showFog":false,"showSkybox":false,"showFlares":false,"showImageEffects":false,"showParticleSystems":false,"showVisualEffectGraphs":true,"m_FxEnabled":true},"in2DMode":false,"pivot":{"x":0.06622612476348877,"y":0.8749984502792358,"z":0.0929790735244751},"rotation":{"x":-0.06449860334396362,"y":0.09028343111276627,"z":-0.005859437398612499,"w":-0.9938096404075623},"size":1.1614840030670167,"orthographic":false}